"Data Source","World Development Indicators",

"Last Updated Date","2020-12-16",

"Country Name","Country Code","Indicator Name","Indicator Code","1960","1961","1962","1963","1964","1965","1966","1967","1968","1969","1970","1971","1972","1973","1974","1975","1976","1977","1978","1979","1980","1981","1982","1983","1984","1985","1986","1987","1988","1989","1990","1991","1992","1993","1994","1995","1996","1997","1998","1999","2000","2001","2002","2003","2004","2005","2006","2007","2008","2009","2010","2011","2012","2013","2014","2015","2016","2017","2018","2019","2020",
"Aruba","ABW","Population living in slums (% of urban population)","EN.POP.SLUM.UR.ZS","","","","","","","","","","","","","","","","","","","","","","","","","","","","","","","","","","","","","","","","","","","","","","","","","","","","","","","","","","","","","",
"Afghanistan","AFG","Population living in slums (% of urban population)","EN.POP.SLUM.UR.ZS","","","","","","","","","","","","","","","","","","","","","","","","","","","","","","","","","","","","","","","","","","","","","","","","","","","","","","","62.7000007629395","","71.3000030517578","","70.6999969482422","","",
"Angola","AGO","Population living in slums (% of urban population)","EN.POP.SLUM.UR.ZS","","","","","","","","","","","","","","","","","","","","","","","","","","","","","","","","","","","","","","","","","86.5","","","","","86.5","","","","","65.8000030517578","","","","55.5","","48.7999992370605","","48.5999984741211","","",
"Albania","ALB","Population living in slums (% of urban population)","EN.POP.SLUM.UR.ZS","","","","","","","","","","","","","","","","","","","","","","","","","","","","","","","","","","","","","","","","","","","","","","","","","","","","","","","","","","","","","",
"Andorra","AND","Population living in slums (% of urban population)","EN.POP.SLUM.UR.ZS","","","","","","","","","","","","","","","","","","","","","","","","","","","","","","","","","","","","","","","","","","","","","","","","","","","","","","","","","","","","","",
"Arab World","ARB","Population living in slums (% of urban population)","EN.POP.SLUM.UR.ZS","","","","","","","","","","","","","","","","","","","","","","","","","","","","","","","","","","","","","","","","","","","","","","27.5042675997551","","","","","","","","","30.9927282928739","","31.3479805055261","","31.0541898347393","","",
"United Arab Emirates","ARE","Population living in slums (% of urban population)","EN.POP.SLUM.UR.ZS","","","","","","","","","","","","","","","","","","","","","","","","","","","","","","","","","","","","","","","","","","","","","","","","","","","","","","","","","","","","","",
"Argentina","ARG","Population living in slums (% of urban population)","EN.POP.SLUM.UR.ZS","","","","","","","","","","","","","","","","","","","","","","","","","","","","","","","30.5","","","","","31.7000007629395","","","","","32.9000015258789","","","","","26.2000007629395","","","","","20.7999992370605","","","","16.7000007629395","","14.6999998092651","","14.6999998092651","","",
"Armenia","ARM","Population living in slums (% of urban population)","EN.POP.SLUM.UR.ZS","","","","","","","","","","","","","","","","","","","","","","","","","","","","","","","","","","","","","","","","","","","","","","","","","","","","","","","14.3999996185303","","9.30000019073486","","9.30000019073486","","",
"American Samoa","ASM","Population living in slums (% of urban population)","EN.POP.SLUM.UR.ZS","","","","","","","","","","","","","","","","","","","","","","","","","","","","","","","","","","","","","","","","","","","","","","","","","","","","","","","","","","","","","",
"Antigua and Barbuda","ATG","Population living in slums (% of urban population)","EN.POP.SLUM.UR.ZS","","","","","","","","","","","","","","","","","","","","","","","","","","","","","","","","","","","","","","","","","","","","","","","","","","","","","","","","","","","","","",
"Australia","AUS","Population living in slums (% of urban population)","EN.POP.SLUM.UR.ZS","","","","","","","","","","","","","","","","","","","","","","","","","","","","","","","","","","","","","","","","","","","","","","","","","","","","","","","","","","","","","",
"Austria","AUT","Population living in slums (% of urban population)","EN.POP.SLUM.UR.ZS","","","","","","","","","","","","","","","","","","","","","","","","","","","","","","","","","","","","","","","","","","","","","","","","","","","","","","","","","","","","","",
"Azerbaijan","AZE","Population living in slums (% of urban population)","EN.POP.SLUM.UR.ZS","","","","","","","","","","","","","","","","","","","","","","","","","","","","","","","","","","","","","","","","","","","","","","","","","","","","","","","","","","","","","",
"Burundi","BDI","Population living in slums (% of urban population)","EN.POP.SLUM.UR.ZS","","","","","","","","","","","","","","","","","","","","","","","","","","","","","","","","","","","","","","","","","","","","","","64.3000030517578","","","","","","","","","57.9000015258789","","48.5999984741211","","47.7000007629395","","",
"Belgium","BEL","Population living in slums (% of urban population)","EN.POP.SLUM.UR.ZS","","","","","","","","","","","","","","","","","","","","","","","","","","","","","","","","","","","","","","","","","","","","","","","","","","","","","","","","","","","","","",
"Benin","BEN","Population living in slums (% of urban population)","EN.POP.SLUM.UR.ZS","","","","","","","","","","","","","","","","","","","","","","","","","","","","","","","79.3000030517578","","","","","76.8000030517578","","","","","74.3000030517578","","","","","71.8000030517578","","","","","69.8000030517578","","","","61.5","","59.5999984741211","","58.7999992370605","","",
"Burkina Faso","BFA","Population living in slums (% of urban population)","EN.POP.SLUM.UR.ZS","","","","","","","","","","","","","","","","","","","","","","","","","","","","","","","78.8000030517578","","","","","72.4000015258789","","","","","65.9000015258789","","","","","59.5","","","","","","","","","65.8000030517578","","58.5","","57.0999984741211","","",
"Bangladesh","BGD","Population living in slums (% of urban population)","EN.POP.SLUM.UR.ZS","","","","","","","","","","","","","","","","","","","","","","","","","","","","","","","87.3000030517578","","","","","84.6999969482422","","","","","77.8000030517578","","","","","70.8000030517578","","","","","61.5999984741211","","","","55.0999984741211","","49.4000015258789","","47.2000007629395","","",
"Bulgaria","BGR","Population living in slums (% of urban population)","EN.POP.SLUM.UR.ZS","","","","","","","","","","","","","","","","","","","","","","","","","","","","","","","","","","","","","","","","","","","","","","","","","","","","","","","","","","","","","",
"Bahrain","BHR","Population living in slums (% of urban population)","EN.POP.SLUM.UR.ZS","","","","","","","","","","","","","","","","","","","","","","","","","","","","","","","","","","","","","","","","","","","","","","","","","","","","","","","","","","","","","",
"Bahamas, The","BHS","Population living in slums (% of urban population)","EN.POP.SLUM.UR.ZS","","","","","","","","","","","","","","","","","","","","","","","","","","","","","","","","","","","","","","","","","","","","","","","","","","","","","","","","","","","","","",
"Bosnia and Herzegovina","BIH","Population living in slums (% of urban population)","EN.POP.SLUM.UR.ZS","","","","","","","","","","","","","","","","","","","","","","","","","","","","","","","","","","","","","","","","","","","","","","","","","","","","","","","","","7.59999990463257","","7.59999990463257","","",
"Belarus","BLR","Population living in slums (% of urban population)","EN.POP.SLUM.UR.ZS","","","","","","","","","","","","","","","","","","","","","","","","","","","","","","","","","","","","","","","","","","","","","","","","","","","","","","","","","45.2000007629395","","33.2000007629395","","",
"Belize","BLZ","Population living in slums (% of urban population)","EN.POP.SLUM.UR.ZS","","","","","","","","","","","","","","","","","","","","","","","","","","","","","","","","","","","","","","","","","","","","","","","","","","","","","","","10.8000001907349","","5.09999990463257","","5","","",
"Bermuda","BMU","Population living in slums (% of urban population)","EN.POP.SLUM.UR.ZS","","","","","","","","","","","","","","","","","","","","","","","","","","","","","","","","","","","","","","","","","","","","","","","","","","","","","","","","","","","","","",
"Bolivia","BOL","Population living in slums (% of urban population)","EN.POP.SLUM.UR.ZS","","","","","","","","","","","","","","","","","","","","","","","","","","","","","","","62.2000007629395","","","","","58.2000007629395","","","","","54.2999992370605","","","","","50.4000015258789","","","","","47.2999992370605","","","","43.5","","49.5","","48.5","","",
"Brazil","BRA","Population living in slums (% of urban population)","EN.POP.SLUM.UR.ZS","","","","","","","","","","","","","","","","","","","","","","","","","","","","","","","36.7000007629395","","","","","34.0999984741211","","","","","31.5","","","","","29","","","","","26.8999996185303","","","","22.2999992370605","","16.2999992370605","","16.2999992370605","","",
"Barbados","BRB","Population living in slums (% of urban population)","EN.POP.SLUM.UR.ZS","","","","","","","","","","","","","","","","","","","","","","","","","","","","","","","","","","","","","","","","","","","","","","","","","","","","","","","","","","","","","",
"Brunei Darussalam","BRN","Population living in slums (% of urban population)","EN.POP.SLUM.UR.ZS","","","","","","","","","","","","","","","","","","","","","","","","","","","","","","","","","","","","","","","","","","","","","","","","","","","","","","","","","","","","","",
"Bhutan","BTN","Population living in slums (% of urban population)","EN.POP.SLUM.UR.ZS","","","","","","","","","","","","","","","","","","","","","","","","","","","","","","","","","","","","","","","","","","","","","","","","","","","","","","","","","","","","","",
"Botswana","BWA","Population living in slums (% of urban population)","EN.POP.SLUM.UR.ZS","","","","","","","","","","","","","","","","","","","","","","","","","","","","","","","","","","","","","","","","","","","","","","","","","","","","","","","","","","","","","",
"Central African Republic","CAF","Population living in slums (% of urban population)","EN.POP.SLUM.UR.ZS","","","","","","","","","","","","","","","","","","","","","","","","","","","","","","","87.5","","","","","89.6999969482422","","","","","91.9000015258789","","","","","94.0999984741211","","","","","95.9000015258789","","","","93.3000030517578","","97.5","","95.4000015258789","","",
"Canada","CAN","Population living in slums (% of urban population)","EN.POP.SLUM.UR.ZS","","","","","","","","","","","","","","","","","","","","","","","","","","","","","","","","","","","","","","","","","","","","","","","","","","","","","","","","","0.00999999977648258","","0.00999999977648258","","",
"Central Europe and the Baltics","CEB","Population living in slums (% of urban population)","EN.POP.SLUM.UR.ZS","","","","","","","","","","","","","","","","","","","","","","","","","","","","","","","","","","","","","","","","","","","","","","","","","","","","","","","","","6.0616538117644","","5.46738955748757","","",
"Switzerland","CHE","Population living in slums (% of urban population)","EN.POP.SLUM.UR.ZS","","","","","","","","","","","","","","","","","","","","","","","","","","","","","","","","","","","","","","","","","","","","","","","","","","","","","","","","","","","","","",
"Channel Islands","CHI","Population living in slums (% of urban population)","EN.POP.SLUM.UR.ZS","","","","","","","","","","","","","","","","","","","","","","","","","","","","","","","","","","","","","","","","","","","","","","","","","","","","","","","","","","","","","",
"Chile","CHL","Population living in slums (% of urban population)","EN.POP.SLUM.UR.ZS","","","","","","","","","","","","","","","","","","","","","","","","","","","","","","","","","","","","","","","","","","","","","","9","","","","","","","","","9","","9","","8.80000019073486","","",
"China","CHN","Population living in slums (% of urban population)","EN.POP.SLUM.UR.ZS","","","","","","","","","","","","","","","","","","","","","","","","","","","","","","","43.5999984741211","","","","","40.5","","","","","37.2999992370605","","","","","32.9000015258789","","","","","29.1000003814697","","","","25.2000007629395","","","","24.6000003814697","","",
"Cote d'Ivoire","CIV","Population living in slums (% of urban population)","EN.POP.SLUM.UR.ZS","","","","","","","","","","","","","","","","","","","","","","","","","","","","","","","53.4000015258789","","","","","54.2999992370605","","","","","55.2999992370605","","","","","56.2000007629395","","","","","57","","","","56","","59.2000007629395","","60.0999984741211","","",
"Cameroon","CMR","Population living in slums (% of urban population)","EN.POP.SLUM.UR.ZS","","","","","","","","","","","","","","","","","","","","","","","","","","","","","","","50.7999992370605","","","","","49.5999984741211","","","","","48.4000015258789","","","","","47.4000015258789","","","","","46.0999984741211","","","","37.7999992370605","","35.7999992370605","","33.7000007629395","","",
"Congo, Dem. Rep.","COD","Population living in slums (% of urban population)","EN.POP.SLUM.UR.ZS","","","","","","","","","","","","","","","","","","","","","","","","","","","","","","","","","","","","","","","","","","","","","","76.4000015258789","","","","","61.7000007629395","","","","74.8000030517578","","79.0999984741211","","77.5","","",
"Congo, Rep.","COG","Population living in slums (% of urban population)","EN.POP.SLUM.UR.ZS","","","","","","","","","","","","","","","","","","","","","","","","","","","","","","","","","","","","","","","","","","","","","","53.4000015258789","","","","","49.9000015258789","","","","46.9000015258789","","48","","47.7999992370605","","",
"Colombia","COL","Population living in slums (% of urban population)","EN.POP.SLUM.UR.ZS","","","","","","","","","","","","","","","","","","","","","","","","","","","","","","","31.2000007629395","","","","","26.7999992370605","","","","","22.2999992370605","","","","","17.8999996185303","","","","","14.3000001907349","","","","13.1000003814697","","28.1000003814697","","27.7999992370605","","",
"Comoros","COM","Population living in slums (% of urban population)","EN.POP.SLUM.UR.ZS","","","","","","","","","","","","","","","","","","","","","","","","","","","","","","","65.4000015258789","","","","","65.4000015258789","","","","","65.4000015258789","","","","","68.9000015258789","","","","","","","","","69.5999984741211","","69.5999984741211","","68.4000015258789","","",
"Cabo Verde","CPV","Population living in slums (% of urban population)","EN.POP.SLUM.UR.ZS","","","","","","","","","","","","","","","","","","","","","","","","","","","","","","","","","","","","","","","","","","","","","","","","","","","","","","","","","","","","","",
"Costa Rica","CRI","Population living in slums (% of urban population)","EN.POP.SLUM.UR.ZS","","","","","","","","","","","","","","","","","","","","","","","","","","","","","","","","","","","","","","","","","","","","","","10.8999996185303","","","","","","","","","5.5","","3.90000009536743","","3.90000009536743","","",
"Caribbean small states","CSS","Population living in slums (% of urban population)","EN.POP.SLUM.UR.ZS","","","","","","","","","","","","","","","","","","","","","","","","","","","","","","","","","","","","","","","","","","","","","","41.1140141775805","","","","","","","","","40.2441255161581","","35.2792848386966","","33.4781411081242","","",
"Cuba","CUB","Population living in slums (% of urban population)","EN.POP.SLUM.UR.ZS","","","","","","","","","","","","","","","","","","","","","","","","","","","","","","","","","","","","","","","","","","","","","","","","","","","","","","","","","6.59999990463257","","6.59999990463257","","",
"Curacao","CUW","Population living in slums (% of urban population)","EN.POP.SLUM.UR.ZS","","","","","","","","","","","","","","","","","","","","","","","","","","","","","","","","","","","","","","","","","","","","","","","","","","","","","","","","","","","","","",
"Cayman Islands","CYM","Population living in slums (% of urban population)","EN.POP.SLUM.UR.ZS","","","","","","","","","","","","","","","","","","","","","","","","","","","","","","","","","","","","","","","","","","","","","","","","","","","","","","","","","","","","","",
"Cyprus","CYP","Population living in slums (% of urban population)","EN.POP.SLUM.UR.ZS","","","","","","","","","","","","","","","","","","","","","","","","","","","","","","","","","","","","","","","","","","","","","","","","","","","","","","","","","","","","","",
"Czech Republic","CZE","Population living in slums (% of urban population)","EN.POP.SLUM.UR.ZS","","","","","","","","","","","","","","","","","","","","","","","","","","","","","","","","","","","","","","","","","","","","","","","","","","","","","","","","","","","","","",
"Germany","DEU","Population living in slums (% of urban population)","EN.POP.SLUM.UR.ZS","","","","","","","","","","","","","","","","","","","","","","","","","","","","","","","","","","","","","","","","","","","","","","","","","","","","","","","","","0.00999999977648258","","0.00999999977648258","","",
"Djibouti","DJI","Population living in slums (% of urban population)","EN.POP.SLUM.UR.ZS","","","","","","","","","","","","","","","","","","","","","","","","","","","","","","","","","","","","","","","","","","","","","","","","","","","","","","","65.5999984741211","","65.5999984741211","","64.5","","",
"Dominica","DMA","Population living in slums (% of urban population)","EN.POP.SLUM.UR.ZS","","","","","","","","","","","","","","","","","","","","","","","","","","","","","","","","","","","","","","","","","","","","","","","","","","","","","","","","","","","","","",
"Denmark","DNK","Population living in slums (% of urban population)","EN.POP.SLUM.UR.ZS","","","","","","","","","","","","","","","","","","","","","","","","","","","","","","","","","","","","","","","","","","","","","","","","","","","","","","","","","0.00100000004749745","","0.00100000004749745","","",
"Dominican Republic","DOM","Population living in slums (% of urban population)","EN.POP.SLUM.UR.ZS","","","","","","","","","","","","","","","","","","","","","","","","","","","","","","","27.8999996185303","","","","","24.3999996185303","","","","","21","","","","","17.6000003814697","","","","","14.8000001907349","","","","12.1000003814697","","14.8000001907349","","14.8000001907349","","",
"Algeria","DZA","Population living in slums (% of urban population)","EN.POP.SLUM.UR.ZS","","","","","","","","","","","","","","","","","","","","","","","","","","","","","","","","","","","","","","","","","","","","","","","","","","","","","","","","","","","","","",
"East Asia & Pacific (excluding high income)","EAP","Population living in slums (% of urban population)","EN.POP.SLUM.UR.ZS","","","","","","","","","","","","","","","","","","","","","","","","","","","","","","","46.0376059351723","","","","","42.021156272023","","","","","37.9019605696319","","","","","33.1172565390742","","","","","28.9492683220163","","","","25.7938118851271","","","","26.404670109501","","",
"Early-demographic dividend","EAR","Population living in slums (% of urban population)","EN.POP.SLUM.UR.ZS","","","","","","","","","","","","","","","","","","","","","","","","","","","","","","","49.3992750947185","","","","","44.525092104749","","","","","39.3504340180025","","","","","33.2447556459873","","","","","31.1549612257338","","","","27.0143662471378","","31.8926363650759","","31.7231783734278","","",
"East Asia & Pacific","EAS","Population living in slums (% of urban population)","EN.POP.SLUM.UR.ZS","","","","","","","","","","","","","","","","","","","","","","","","","","","","","","","46.0376059351724","","","","","42.021156272023","","","","","37.9019605696319","","","","","33.1172565390742","","","","","28.9492683220163","","","","25.7938118851271","","","","26.404670109501","","",
"Europe & Central Asia (excluding high income)","ECA","Population living in slums (% of urban population)","EN.POP.SLUM.UR.ZS","","","","","","","","","","","","","","","","","","","","","","","","","","","","","","","","","","","","","","","","","","","","","","","","","","","","","","","","","","","","","",
"Europe & Central Asia","ECS","Population living in slums (% of urban population)","EN.POP.SLUM.UR.ZS","","","","","","","","","","","","","","","","","","","","","","","","","","","","","","","","","","","","","","","","","","","","","","","","","","","","","","","","","","","","","",
"Ecuador","ECU","Population living in slums (% of urban population)","EN.POP.SLUM.UR.ZS","","","","","","","","","","","","","","","","","","","","","","","","","","","","","","","","","","","","","","","","","","","","","","21.5","","","","","","","","","36","","20.2999992370605","","20.1000003814697","","",
"Egypt, Arab Rep.","EGY","Population living in slums (% of urban population)","EN.POP.SLUM.UR.ZS","","","","","","","","","","","","","","","","","","","","","","","","","","","","","","","50.2000007629395","","","","","39.2000007629395","","","","","28.1000003814697","","","","","17.1000003814697","","","","","13.1000003814697","","","","10.6000003814697","","6.59999990463257","","5.19999980926514","","",
"Euro area","EMU","Population living in slums (% of urban population)","EN.POP.SLUM.UR.ZS","","","","","","","","","","","","","","","","","","","","","","","","","","","","","","","","","","","","","","","","","","","","","","","","","","","","","","","","","","","","","",
"Eritrea","ERI","Population living in slums (% of urban population)","EN.POP.SLUM.UR.ZS","","","","","","","","","","","","","","","","","","","","","","","","","","","","","","","","","","","","","","","","","","","","","","","","","","","","","","","","","","","","","",
"Spain","ESP","Population living in slums (% of urban population)","EN.POP.SLUM.UR.ZS","","","","","","","","","","","","","","","","","","","","","","","","","","","","","","","","","","","","","","","","","","","","","","","","","","","","","","","","","7.80000019073486","","5.5","","",
"Estonia","EST","Population living in slums (% of urban population)","EN.POP.SLUM.UR.ZS","","","","","","","","","","","","","","","","","","","","","","","","","","","","","","","","","","","","","","","","","","","","","","","","","","","","","","","","","","","","","",
"Ethiopia","ETH","Population living in slums (% of urban population)","EN.POP.SLUM.UR.ZS","","","","","","","","","","","","","","","","","","","","","","","","","","","","","","","95.5","","","","","95.5","","","","","88.5999984741211","","","","","81.8000030517578","","","","","76.4000015258789","","","","73.9000015258789","","65.9000015258789","","64.3000030517578","","",
"European Union","EUU","Population living in slums (% of urban population)","EN.POP.SLUM.UR.ZS","","","","","","","","","","","","","","","","","","","","","","","","","","","","","","","","","","","","","","","","","","","","","","","","","","","","","","","","","","","","","",
"Fragile and conflict affected situations","FCS","Population living in slums (% of urban population)","EN.POP.SLUM.UR.ZS","","","","","","","","","","","","","","","","","","","","","","","","","","","","","","","","","","","","","","","","","","","","","","56.6092935528624","","","","","","","","","54.4313192842769","","56.5760621680634","","57.9537009826374","","",
"Finland","FIN","Population living in slums (% of urban population)","EN.POP.SLUM.UR.ZS","","","","","","","","","","","","","","","","","","","","","","","","","","","","","","","","","","","","","","","","","","","","","","","","","","","","","","","","","","","","","",
"Fiji","FJI","Population living in slums (% of urban population)","EN.POP.SLUM.UR.ZS","","","","","","","","","","","","","","","","","","","","","","","","","","","","","","","","","","","","","","","","","","","","","","","","","","","","","","","","","10.8000001907349","","11.1999998092651","","",
"France","FRA","Population living in slums (% of urban population)","EN.POP.SLUM.UR.ZS","","","","","","","","","","","","","","","","","","","","","","","","","","","","","","","","","","","","","","","","","","","","","","","","","","","","","","","","","","","","","",
"Faroe Islands","FRO","Population living in slums (% of urban population)","EN.POP.SLUM.UR.ZS","","","","","","","","","","","","","","","","","","","","","","","","","","","","","","","","","","","","","","","","","","","","","","","","","","","","","","","","","","","","","",
"Micronesia, Fed. Sts.","FSM","Population living in slums (% of urban population)","EN.POP.SLUM.UR.ZS","","","","","","","","","","","","","","","","","","","","","","","","","","","","","","","","","","","","","","","","","","","","","","","","","","","","","","","","","","","","","",
"Gabon","GAB","Population living in slums (% of urban population)","EN.POP.SLUM.UR.ZS","","","","","","","","","","","","","","","","","","","","","","","","","","","","","","","","","","","","","","","","","","","","","","38.7000007629395","","","","","","","","","37","","36.5999984741211","","36.5999984741211","","",
"United Kingdom","GBR","Population living in slums (% of urban population)","EN.POP.SLUM.UR.ZS","","","","","","","","","","","","","","","","","","","","","","","","","","","","","","","","","","","","","","","","","","","","","","","","","","","","","","","","","","","","","",
"Georgia","GEO","Population living in slums (% of urban population)","EN.POP.SLUM.UR.ZS","","","","","","","","","","","","","","","","","","","","","","","","","","","","","","","","","","","","","","","","","","","","","","","","","","","","","","","","","34.0999984741211","","34.0999984741211","","",
"Ghana","GHA","Population living in slums (% of urban population)","EN.POP.SLUM.UR.ZS","","","","","","","","","","","","","","","","","","","","","","","","","","","","","","","65.5","","","","","58.7999992370605","","","","","52.0999984741211","","","","","45.4000015258789","","","","","40.0999984741211","","","","37.9000015258789","","30.3999996185303","","30.3999996185303","","",
"Gibraltar","GIB","Population living in slums (% of urban population)","EN.POP.SLUM.UR.ZS","","","","","","","","","","","","","","","","","","","","","","","","","","","","","","","","","","","","","","","","","","","","","","","","","","","","","","","","","","","","","",
"Guinea","GIN","Population living in slums (% of urban population)","EN.POP.SLUM.UR.ZS","","","","","","","","","","","","","","","","","","","","","","","","","","","","","","","80.4000015258789","","","","","68.8000030517578","","","","","57.2999992370605","","","","","45.7000007629395","","","","","","","","","43.2999992370605","","49.2000007629395","","50.0999984741211","","",
"Gambia, The","GMB","Population living in slums (% of urban population)","EN.POP.SLUM.UR.ZS","","","","","","","","","","","","","","","","","","","","","","","","","","","","","","","","","","","","","","","","","","","","","","45.4000015258789","","","","","","","","","34.7999992370605","","26","","27.1000003814697","","",
"Guinea-Bissau","GNB","Population living in slums (% of urban population)","EN.POP.SLUM.UR.ZS","","","","","","","","","","","","","","","","","","","","","","","","","","","","","","","","","","","","","","","","","","","","","","83.0999984741211","","","","","","","","","82.3000030517578","","78.9000015258789","","74.4000015258789","","",
"Equatorial Guinea","GNQ","Population living in slums (% of urban population)","EN.POP.SLUM.UR.ZS","","","","","","","","","","","","","","","","","","","","","","","","","","","","","","","","","","","","","","","","","","","","","","66.3000030517578","","","","","","","","","66.1999969482422","","66.0999984741211","","64.9000015258789","","",
"Greece","GRC","Population living in slums (% of urban population)","EN.POP.SLUM.UR.ZS","","","","","","","","","","","","","","","","","","","","","","","","","","","","","","","","","","","","","","","","","","","","","","","","","","","","","","","","","3","","3","","",
"Grenada","GRD","Population living in slums (% of urban population)","EN.POP.SLUM.UR.ZS","","","","","","","","","","","","","","","","","","","","","","","","","","","","","","","","","","","","","","","","","","","","","","6","","","","","","","","","6","","","","6","","",
"Greenland","GRL","Population living in slums (% of urban population)","EN.POP.SLUM.UR.ZS","","","","","","","","","","","","","","","","","","","","","","","","","","","","","","","","","","","","","","","","","","","","","","","","","","","","","","","","","","","","","",
"Guatemala","GTM","Population living in slums (% of urban population)","EN.POP.SLUM.UR.ZS","","","","","","","","","","","","","","","","","","","","","","","","","","","","","","","58.5999984741211","","","","","53.2999992370605","","","","","48.0999984741211","","","","","42.9000015258789","","","","","38.7000007629395","","","","38.7000007629395","","31","","31","","",
"Guam","GUM","Population living in slums (% of urban population)","EN.POP.SLUM.UR.ZS","","","","","","","","","","","","","","","","","","","","","","","","","","","","","","","","","","","","","","","","","","","","","","","","","","","","","","","","","","","","","",
"Guyana","GUY","Population living in slums (% of urban population)","EN.POP.SLUM.UR.ZS","","","","","","","","","","","","","","","","","","","","","","","","","","","","","","","","","","","","","","","","","","","","","","33.7000007629395","","","","","33.2000007629395","","","","33.0999984741211","","32.5999984741211","","31.1000003814697","","",
"High income","HIC","Population living in slums (% of urban population)","EN.POP.SLUM.UR.ZS","","","","","","","","","","","","","","","","","","","","","","","","","","","","","","","","","","","","","","","","","","","","","","","","","","","","","","","","","","","","","",
"Hong Kong SAR, China","HKG","Population living in slums (% of urban population)","EN.POP.SLUM.UR.ZS","","","","","","","","","","","","","","","","","","","","","","","","","","","","","","","","","","","","","","","","","","","","","","","","","","","","","","","","","","","","","",
"Honduras","HND","Population living in slums (% of urban population)","EN.POP.SLUM.UR.ZS","","","","","","","","","","","","","","","","","","","","","","","","","","","","","","","","","","","","","","","","","","","","","","34.9000015258789","","","","","","","","","27.5","","40.4000015258789","","38.5999984741211","","",
"Heavily indebted poor countries (HIPC)","HPC","Population living in slums (% of urban population)","EN.POP.SLUM.UR.ZS","","","","","","","","","","","","","","","","","","","","","","","","","","","","","","","74.6773885880668","","","","","71.6685249525324","","","","","67.9200817255587","","","","","64.9521844655077","","","","","62.195419103745","","","","61.7977567506993","","59.9914534053394","","58.4794797501346","","",
"Croatia","HRV","Population living in slums (% of urban population)","EN.POP.SLUM.UR.ZS","","","","","","","","","","","","","","","","","","","","","","","","","","","","","","","","","","","","","","","","","","","","","","","","","","","","","","","","","","","","","",
"Haiti","HTI","Population living in slums (% of urban population)","EN.POP.SLUM.UR.ZS","","","","","","","","","","","","","","","","","","","","","","","","","","","","","","","93.4000015258789","","","","","93.4000015258789","","","","","93.4000015258789","","","","","70.0999984741211","","","","","70.0999984741211","","","","74.4000015258789","","65.9000015258789","","65.9000015258789","","",
"Hungary","HUN","Population living in slums (% of urban population)","EN.POP.SLUM.UR.ZS","","","","","","","","","","","","","","","","","","","","","","","","","","","","","","","","","","","","","","","","","","","","","","","","","","","","","","","","","13.6000003814697","","13.6000003814697","","",
"IBRD only","IBD","Population living in slums (% of urban population)","EN.POP.SLUM.UR.ZS","","","","","","","","","","","","","","","","","","","","","","","","","","","","","","","44.0388005013191","","","","","39.7814945919214","","","","","35.6802479760995","","","","","30.7101480635284","","","","","27.8803261873268","","","","23.6753356049705","","","","25.5768027107662","","",
"IDA & IBRD total","IBT","Population living in slums (% of urban population)","EN.POP.SLUM.UR.ZS","","","","","","","","","","","","","","","","","","","","","","","","","","","","","","","47.4137795740623","","","","","43.5300200879475","","","","","39.6615518639118","","","","","35.6807586418881","","","","","33.1684812506205","","","","29.7409920496012","","33.2758106599561","","30.9928504007406","","",
"IDA total","IDA","Population living in slums (% of urban population)","EN.POP.SLUM.UR.ZS","","","","","","","","","","","","","","","","","","","","","","","","","","","","","","","69.8862121815926","","","","","67.4668583479953","","","","","64.1654820600166","","","","","60.0691411783381","","","","","58.950568878766","","","","55.0782593913276","","53.279591489039","","52.8754888151784","","",
"IDA blend","IDB","Population living in slums (% of urban population)","EN.POP.SLUM.UR.ZS","","","","","","","","","","","","","","","","","","","","","","","","","","","","","","","59.4516427454515","","","","","57.4839651437127","","","","","55.6633932282076","","","","","54.6249545112173","","","","","53.508720153142","","","","47.2920477872959","","46.9629588039667","","46.7746412049201","","",
"Indonesia","IDN","Population living in slums (% of urban population)","EN.POP.SLUM.UR.ZS","","","","","","","","","","","","","","","","","","","","","","","","","","","","","","","50.7999992370605","","","","","42.5999984741211","","","","","34.4000015258789","","","","","26.2999992370605","","","","","23","","","","21.7999992370605","","30.8999996185303","","30.6000003814697","","",
"IDA only","IDX","Population living in slums (% of urban population)","EN.POP.SLUM.UR.ZS","","","","","","","","","","","","","","","","","","","","","","","","","","","","","","","","","","","","","","","","","","","","","","63.5790226433832","","","","","63.5281745971109","","","","59.6464538434056","","57.2416305517887","","56.6790292123306","","",
"Isle of Man","IMN","Population living in slums (% of urban population)","EN.POP.SLUM.UR.ZS","","","","","","","","","","","","","","","","","","","","","","","","","","","","","","","","","","","","","","","","","","","","","","","","","","","","","","","","","","","","","",
"India","IND","Population living in slums (% of urban population)","EN.POP.SLUM.UR.ZS","","","","","","","","","","","","","","","","","","","","","","","","","","","","","","","54.9000015258789","","","","","48.2000007629395","","","","","41.5","","","","","34.7999992370605","","","","","29.3999996185303","","","","24","","35.4000015258789","","35.2000007629395","","",
"Not classified","INX","Population living in slums (% of urban population)","EN.POP.SLUM.UR.ZS","","","","","","","","","","","","","","","","","","","","","","","","","","","","","","","","","","","","","","","","","","","","","","","","","","","","","","","","","","","","","",
"Ireland","IRL","Population living in slums (% of urban population)","EN.POP.SLUM.UR.ZS","","","","","","","","","","","","","","","","","","","","","","","","","","","","","","","","","","","","","","","","","","","","","","","","","","","","","","","","","","","","","",
"Iran, Islamic Rep.","IRN","Population living in slums (% of urban population)","EN.POP.SLUM.UR.ZS","","","","","","","","","","","","","","","","","","","","","","","","","","","","","","","","","","","","","","","","","","","","","","","","","","","","","","","","","23.8999996185303","","25.2999992370605","","",
"Iraq","IRQ","Population living in slums (% of urban population)","EN.POP.SLUM.UR.ZS","","","","","","","","","","","","","","","","","","","","","","","","","","","","","","","16.8999996185303","","","","","16.8999996185303","","","","","16.8999996185303","","","","","52.7999992370605","","","","","52.7999992370605","","","","47.2000007629395","","46.4000015258789","","45.7000007629395","","",
"Iceland","ISL","Population living in slums (% of urban population)","EN.POP.SLUM.UR.ZS","","","","","","","","","","","","","","","","","","","","","","","","","","","","","","","","","","","","","","","","","","","","","","","","","","","","","","","","","","","","","",
"Israel","ISR","Population living in slums (% of urban population)","EN.POP.SLUM.UR.ZS","","","","","","","","","","","","","","","","","","","","","","","","","","","","","","","","","","","","","","","","","","","","","","","","","","","","","","","","","","","","","",
"Italy","ITA","Population living in slums (% of urban population)","EN.POP.SLUM.UR.ZS","","","","","","","","","","","","","","","","","","","","","","","","","","","","","","","","","","","","","","","","","","","","","","","","","","","","","","","","","","","","","",
"Jamaica","JAM","Population living in slums (% of urban population)","EN.POP.SLUM.UR.ZS","","","","","","","","","","","","","","","","","","","","","","","","","","","","","","","","","","","","","","","","","","","","","","60.5","","","","","","","","","60.5","","59.7999992370605","","57.0999984741211","","",
"Jordan","JOR","Population living in slums (% of urban population)","EN.POP.SLUM.UR.ZS","","","","","","","","","","","","","","","","","","","","","","","","","","","","","","","","","","","","","","","","","","","","","","15.8000001907349","","","","","19.6000003814697","","","","12.8999996185303","","21.1000003814697","","23.3999996185303","","",
"Japan","JPN","Population living in slums (% of urban population)","EN.POP.SLUM.UR.ZS","","","","","","","","","","","","","","","","","","","","","","","","","","","","","","","","","","","","","","","","","","","","","","","","","","","","","","","","","","","","","",
"Kazakhstan","KAZ","Population living in slums (% of urban population)","EN.POP.SLUM.UR.ZS","","","","","","","","","","","","","","","","","","","","","","","","","","","","","","","","","","","","","","","","","","","","","","","","","","","","","","","","","","","","","",
"Kenya","KEN","Population living in slums (% of urban population)","EN.POP.SLUM.UR.ZS","","","","","","","","","","","","","","","","","","","","","","","","","","","","","","","54.9000015258789","","","","","54.7999992370605","","","","","54.7999992370605","","","","","54.7999992370605","","","","","54.7000007629395","","","","56","","46.5","","46.5","","",
"Kyrgyz Republic","KGZ","Population living in slums (% of urban population)","EN.POP.SLUM.UR.ZS","","","","","","","","","","","","","","","","","","","","","","","","","","","","","","","","","","","","","","","","","","","","","","","","","","","","","","","","","9.69999980926514","","9.69999980926514","","",
"Cambodia","KHM","Population living in slums (% of urban population)","EN.POP.SLUM.UR.ZS","","","","","","","","","","","","","","","","","","","","","","","","","","","","","","","","","","","","","","","","","","","","","","78.9000015258789","","","","","","","","","55.0999984741211","","47.7000007629395","","45.0999984741211","","",
"Kiribati","KIR","Population living in slums (% of urban population)","EN.POP.SLUM.UR.ZS","","","","","","","","","","","","","","","","","","","","","","","","","","","","","","","","","","","","","","","","","","","","","","","","","","","","","","","","","","","","","",
"St. Kitts and Nevis","KNA","Population living in slums (% of urban population)","EN.POP.SLUM.UR.ZS","","","","","","","","","","","","","","","","","","","","","","","","","","","","","","","","","","","","","","","","","","","","","","","","","","","","","","","","","","","","","",
"Korea, Rep.","KOR","Population living in slums (% of urban population)","EN.POP.SLUM.UR.ZS","","","","","","","","","","","","","","","","","","","","","","","","","","","","","","","","","","","","","","","","","","","","","","","","","","","","","","","","","","","","","",
"Kuwait","KWT","Population living in slums (% of urban population)","EN.POP.SLUM.UR.ZS","","","","","","","","","","","","","","","","","","","","","","","","","","","","","","","","","","","","","","","","","","","","","","","","","","","","","","","","","","","","","",
"Latin America & Caribbean (excluding high income)","LAC","Population living in slums (% of urban population)","EN.POP.SLUM.UR.ZS","","","","","","","","","","","","","","","","","","","","","","","","","","","","","","","35.5496803394092","","","","","32.9587537968289","","","","","30.3092005022106","","","","","26.0608043446713","","","","","","","","","21.501994489009","","20.8326374880188","","21.1725924951225","","",
"Lao PDR","LAO","Population living in slums (% of urban population)","EN.POP.SLUM.UR.ZS","","","","","","","","","","","","","","","","","","","","","","","","","","","","","","","","","","","","","","","","","","","","","","79.3000030517578","","","","","","","","","31.3999996185303","","20.7999992370605","","21.1000003814697","","",
"Lebanon","LBN","Population living in slums (% of urban population)","EN.POP.SLUM.UR.ZS","","","","","","","","","","","","","","","","","","","","","","","","","","","","","","","","","","","","","","","","","","","","","","53.0999984741211","","","","","","","","","53.0999984741211","","","","61.0999984741211","","",
"Liberia","LBR","Population living in slums (% of urban population)","EN.POP.SLUM.UR.ZS","","","","","","","","","","","","","","","","","","","","","","","","","","","","","","","","","","","","","","","","","","","","","","","","","","","68.3000030517578","","","","65.6999969482422","","70.3000030517578","","70.3000030517578","","",
"Libya","LBY","Population living in slums (% of urban population)","EN.POP.SLUM.UR.ZS","","","","","","","","","","","","","","","","","","","","","","","","","","","","","","","","","","","","","","","","","","","","","","","","","","","","","","","","","","","","","",
"St. Lucia","LCA","Population living in slums (% of urban population)","EN.POP.SLUM.UR.ZS","","","","","","","","","","","","","","","","","","","","","","","","","","","","","","","","","","","","","","","","","","","","","","11.8999996185303","","","","","","","","","11.8999996185303","","11.8999996185303","","11.1999998092651","","",
"Latin America & Caribbean","LCN","Population living in slums (% of urban population)","EN.POP.SLUM.UR.ZS","","","","","","","","","","","","","","","","","","","","","","","","","","","","","","","35.5496803394092","","","","","32.9587537968289","","","","","30.3092005022106","","","","","25.46223480489","","","","","","","","","21.1216899227713","","20.4337633451665","","20.7562489508325","","",
"Least developed countries: UN classification","LDC","Population living in slums (% of urban population)","EN.POP.SLUM.UR.ZS","","","","","","","","","","","","","","","","","","","","","","","","","","","","","","","","","","","","","","","","","","","","","","70.1853217927016","","","","","65.7197036095387","","","","62.7368145005041","","60.2670322385256","","58.8844629542078","","",
"Low income","LIC","Population living in slums (% of urban population)","EN.POP.SLUM.UR.ZS","","","","","","","","","","","","","","","","","","","","","","","","","","","","","","","","","","","","","","","","","","","","","","67.8746944935922","","","","","","","","","68.3898876853954","","65.9600822198431","","66.2333259613914","","",
"Liechtenstein","LIE","Population living in slums (% of urban population)","EN.POP.SLUM.UR.ZS","","","","","","","","","","","","","","","","","","","","","","","","","","","","","","","","","","","","","","","","","","","","","","","","","","","","","","","","","","","","","",
"Sri Lanka","LKA","Population living in slums (% of urban population)","EN.POP.SLUM.UR.ZS","","","","","","","","","","","","","","","","","","","","","","","","","","","","","","","","","","","","","","","","","","","","","","","","","","","","","","","","","","","","","",
"Lower middle income","LMC","Population living in slums (% of urban population)","EN.POP.SLUM.UR.ZS","","","","","","","","","","","","","","","","","","","","","","","","","","","","","","","57.5402649376698","","","","","52.3782272699615","","","","","47.4343780659034","","","","","42.5729360227277","","","","","38.319512820791","","","","33.4625107310814","","37.3938583463639","","36.984352870346","","",
"Low & middle income","LMY","Population living in slums (% of urban population)","EN.POP.SLUM.UR.ZS","","","","","","","","","","","","","","","","","","","","","","","","","","","","","","","47.4137795740623","","","","","43.5300200879475","","","","","39.6615518639118","","","","","35.8888630327747","","","","","33.1684812506205","","","","29.8718499825982","","33.8456198421921","","31.3623191655414","","",
"Lesotho","LSO","Population living in slums (% of urban population)","EN.POP.SLUM.UR.ZS","","","","","","","","","","","","","","","","","","","","","","","","","","","","","","","","","","","","","","","","","","","","","","35.0999984741211","","","","","53.7000007629395","","","","50.7999992370605","","59.7000007629395","","53.5999984741211","","",
"Late-demographic dividend","LTE","Population living in slums (% of urban population)","EN.POP.SLUM.UR.ZS","","","","","","","","","","","","","","","","","","","","","","","","","","","","","","","41.7407774156188","","","","","38.7604834942524","","","","","35.4797672754502","","","","","30.9247733353004","","","","","27.9404533132779","","","","23.9172133482492","","","","22.0583746323416","","",
"Lithuania","LTU","Population living in slums (% of urban population)","EN.POP.SLUM.UR.ZS","","","","","","","","","","","","","","","","","","","","","","","","","","","","","","","","","","","","","","","","","","","","","","","","","","","","","","","","","","","","","",
"Luxembourg","LUX","Population living in slums (% of urban population)","EN.POP.SLUM.UR.ZS","","","","","","","","","","","","","","","","","","","","","","","","","","","","","","","","","","","","","","","","","","","","","","","","","","","","","","","","","","","","","",
"Latvia","LVA","Population living in slums (% of urban population)","EN.POP.SLUM.UR.ZS","","","","","","","","","","","","","","","","","","","","","","","","","","","","","","","","","","","","","","","","","","","","","","","","","","","","","","","","","","","","","",
"Macao SAR, China","MAC","Population living in slums (% of urban population)","EN.POP.SLUM.UR.ZS","","","","","","","","","","","","","","","","","","","","","","","","","","","","","","","","","","","","","","","","","","","","","","","","","","","","","","","","","","","","","",
"St. Martin (French part)","MAF","Population living in slums (% of urban population)","EN.POP.SLUM.UR.ZS","","","","","","","","","","","","","","","","","","","","","","","","","","","","","","","","","","","","","","","","","","","","","","","","","","","","","","","","","","","","","",
"Morocco","MAR","Population living in slums (% of urban population)","EN.POP.SLUM.UR.ZS","","","","","","","","","","","","","","","","","","","","","","","","","","","","","","","37.4000015258789","","","","","35.2000007629395","","","","","24.2000007629395","","","","","13.1000003814697","","","","","13.1000003814697","","","","13.1000003814697","","10.1000003814697","","9.19999980926514","","",
"Monaco","MCO","Population living in slums (% of urban population)","EN.POP.SLUM.UR.ZS","","","","","","","","","","","","","","","","","","","","","","","","","","","","","","","","","","","","","","","","","","","","","","","","","","","","","","","","","","","","","",
"Moldova","MDA","Population living in slums (% of urban population)","EN.POP.SLUM.UR.ZS","","","","","","","","","","","","","","","","","","","","","","","","","","","","","","","","","","","","","","","","","","","","","","","","","","","","","","","","","63.5","","59.2000007629395","","",
"Madagascar","MDG","Population living in slums (% of urban population)","EN.POP.SLUM.UR.ZS","","","","","","","","","","","","","","","","","","","","","","","","","","","","","","","93","","","","","88.5999984741211","","","","","84.0999984741211","","","","","80.5999984741211","","","","","76.1999969482422","","","","77.1999969482422","","67.6999969482422","","61.2000007629395","","",
"Maldives","MDV","Population living in slums (% of urban population)","EN.POP.SLUM.UR.ZS","","","","","","","","","","","","","","","","","","","","","","","","","","","","","","","","","","","","","","","","","","","","","","","","","","","","","","","","","32.0999984741211","","30.1000003814697","","",
"Middle East & North Africa","MEA","Population living in slums (% of urban population)","EN.POP.SLUM.UR.ZS","","","","","","","","","","","","","","","","","","","","","","","","","","","","","","","","","","","","","","","","","","","","","","","","","","","","","","","","","22.2429390709593","","24.0697208815784","","",
"Mexico","MEX","Population living in slums (% of urban population)","EN.POP.SLUM.UR.ZS","","","","","","","","","","","","","","","","","","","","","","","","","","","","","","","23.1000003814697","","","","","21.5","","","","","19.8999996185303","","","","","14.3999996185303","","","","","","","","","11.1000003814697","","16","","16","","",
"Marshall Islands","MHL","Population living in slums (% of urban population)","EN.POP.SLUM.UR.ZS","","","","","","","","","","","","","","","","","","","","","","","","","","","","","","","","","","","","","","","","","","","","","","","","","","","","","","","","","","","","","",
"Middle income","MIC","Population living in slums (% of urban population)","EN.POP.SLUM.UR.ZS","","","","","","","","","","","","","","","","","","","","","","","","","","","","","","","46.4688392793117","","","","","42.4727872555522","","","","","38.539825233279","","","","","34.2229733975395","","","","","31.4629865407072","","","","27.2062469397583","","30.7110907787962","","28.8913649438189","","",
"North Macedonia","MKD","Population living in slums (% of urban population)","EN.POP.SLUM.UR.ZS","","","","","","","","","","","","","","","","","","","","","","","","","","","","","","","","","","","","","","","","","","","","","","","","","","","","","","","","","8.30000019073486","","8.30000019073486","","",
"Mali","MLI","Population living in slums (% of urban population)","EN.POP.SLUM.UR.ZS","","","","","","","","","","","","","","","","","","","","","","","","","","","","","","","94.1999969482422","","","","","84.8000030517578","","","","","75.4000015258789","","","","","65.9000015258789","","","","","65.9000015258789","","","","56.2999992370605","","47","","47.2000007629395","","",
"Malta","MLT","Population living in slums (% of urban population)","EN.POP.SLUM.UR.ZS","","","","","","","","","","","","","","","","","","","","","","","","","","","","","","","","","","","","","","","","","","","","","","","","","","","","","","","","","","","","","",
"Myanmar","MMR","Population living in slums (% of urban population)","EN.POP.SLUM.UR.ZS","","","","","","","","","","","","","","","","","","","","","","","","","","","","","","","","","","","","","","","","","","","","","","45.5999984741211","","","","","","","","","41","","56.5999984741211","","56.0999984741211","","",
"Middle East & North Africa (excluding high income)","MNA","Population living in slums (% of urban population)","EN.POP.SLUM.UR.ZS","","","","","","","","","","","","","","","","","","","","","","","","","","","","","","","","","","","","","","","","","","","","","","","","","","","","","","","","","22.2429390709593","","25.2023228264901","","",
"Montenegro","MNE","Population living in slums (% of urban population)","EN.POP.SLUM.UR.ZS","","","","","","","","","","","","","","","","","","","","","","","","","","","","","","","","","","","","","","","","","","","","","","","","","","","","","","","","","27.1000003814697","","27.1000003814697","","",
"Mongolia","MNG","Population living in slums (% of urban population)","EN.POP.SLUM.UR.ZS","","","","","","","","","","","","","","","","","","","","","","","","","","","","","","","68.5","","","","","66.6999969482422","","","","","64.9000015258789","","","","","57.9000015258789","","","","","","","","","42.7000007629395","","38.2999992370605","","38.2999992370605","","",
"Northern Mariana Islands","MNP","Population living in slums (% of urban population)","EN.POP.SLUM.UR.ZS","","","","","","","","","","","","","","","","","","","","","","","","","","","","","","","","","","","","","","","","","","","","","","","","","","","","","","","","","","","","","",
"Mozambique","MOZ","Population living in slums (% of urban population)","EN.POP.SLUM.UR.ZS","","","","","","","","","","","","","","","","","","","","","","","","","","","","","","","75.5999984741211","","","","","76.9000015258789","","","","","78.1999969482422","","","","","79.5","","","","","80.5","","","","80.3000030517578","","76.6999969482422","","77.1999969482422","","",
"Mauritania","MRT","Population living in slums (% of urban population)","EN.POP.SLUM.UR.ZS","","","","","","","","","","","","","","","","","","","","","","","","","","","","","","","","","","","","","","","","","","","","","","","","","","","","","","","79.9000015258789","","79.5","","73.1999969482422","","",
"Mauritius","MUS","Population living in slums (% of urban population)","EN.POP.SLUM.UR.ZS","","","","","","","","","","","","","","","","","","","","","","","","","","","","","","","","","","","","","","","","","","","","","","","","","","","","","","","","","","","","","",
"Malawi","MWI","Population living in slums (% of urban population)","EN.POP.SLUM.UR.ZS","","","","","","","","","","","","","","","","","","","","","","","","","","","","","","","66.4000015258789","","","","","66.4000015258789","","","","","66.4000015258789","","","","","66.4000015258789","","","","","68.9000015258789","","","","66.6999969482422","","67","","65.0999984741211","","",
"Malaysia","MYS","Population living in slums (% of urban population)","EN.POP.SLUM.UR.ZS","","","","","","","","","","","","","","","","","","","","","","","","","","","","","","","","","","","","","","","","","","","","","","","","","","","","","","","","","","","","","",
"North America","NAC","Population living in slums (% of urban population)","EN.POP.SLUM.UR.ZS","","","","","","","","","","","","","","","","","","","","","","","","","","","","","","","","","","","","","","","","","","","","","","","","","","","","","","","","","","","","","",
"Namibia","NAM","Population living in slums (% of urban population)","EN.POP.SLUM.UR.ZS","","","","","","","","","","","","","","","","","","","","","","","","","","","","","","","34.4000015258789","","","","","34.0999984741211","","","","","33.9000015258789","","","","","33.9000015258789","","","","","33.5","","","","39.4000015258789","","42.2999992370605","","42.2999992370605","","",
"New Caledonia","NCL","Population living in slums (% of urban population)","EN.POP.SLUM.UR.ZS","","","","","","","","","","","","","","","","","","","","","","","","","","","","","","","","","","","","","","","","","","","","","","","","","","","","","","","","","","","","","",
"Niger","NER","Population living in slums (% of urban population)","EN.POP.SLUM.UR.ZS","","","","","","","","","","","","","","","","","","","","","","","","","","","","","","","83.5999984741211","","","","","83.0999984741211","","","","","82.5999984741211","","","","","82.0999984741211","","","","","81.6999969482422","","","","70.0999984741211","","61.7999992370605","","58.7999992370605","","",
"Nigeria","NGA","Population living in slums (% of urban population)","EN.POP.SLUM.UR.ZS","","","","","","","","","","","","","","","","","","","","","","","","","","","","","","","77.3000030517578","","","","","73.5","","","","","69.5999984741211","","","","","65.8000030517578","","","","","62.7000007629395","","","","50.2000007629395","","53.9000015258789","","53.9000015258789","","",
"Nicaragua","NIC","Population living in slums (% of urban population)","EN.POP.SLUM.UR.ZS","","","","","","","","","","","","","","","","","","","","","","","","","","","","","","","89.0999984741211","","","","","74.5","","","","","60","","","","","45.5","","","","","","","","","45.5","","43.2000007629395","","42.2000007629395","","",
"Netherlands","NLD","Population living in slums (% of urban population)","EN.POP.SLUM.UR.ZS","","","","","","","","","","","","","","","","","","","","","","","","","","","","","","","","","","","","","","","","","","","","","","","","","","","","","","","","","","","","","",
"Norway","NOR","Population living in slums (% of urban population)","EN.POP.SLUM.UR.ZS","","","","","","","","","","","","","","","","","","","","","","","","","","","","","","","","","","","","","","","","","","","","","","","","","","","","","","","","","0.00100000004749745","","0.00100000004749745","","",
"Nepal","NPL","Population living in slums (% of urban population)","EN.POP.SLUM.UR.ZS","","","","","","","","","","","","","","","","","","","","","","","","","","","","","","","70.5999984741211","","","","","67.3000030517578","","","","","64","","","","","60.7000007629395","","","","","58.0999984741211","","","","54.2999992370605","","51","","49.2999992370605","","",
"Nauru","NRU","Population living in slums (% of urban population)","EN.POP.SLUM.UR.ZS","","","","","","","","","","","","","","","","","","","","","","","","","","","","","","","","","","","","","","","","","","","","","","","","","","","","","","","","","","","","","",
"New Zealand","NZL","Population living in slums (% of urban population)","EN.POP.SLUM.UR.ZS","","","","","","","","","","","","","","","","","","","","","","","","","","","","","","","","","","","","","","","","","","","","","","","","","","","","","","","","","","","","","",
"OECD members","OED","Population living in slums (% of urban population)","EN.POP.SLUM.UR.ZS","","","","","","","","","","","","","","","","","","","","","","","","","","","","","","","","","","","","","","","","","","","","","","","","","","","","","","","","","","","","","",
"Oman","OMN","Population living in slums (% of urban population)","EN.POP.SLUM.UR.ZS","","","","","","","","","","","","","","","","","","","","","","","","","","","","","","","","","","","","","","","","","","","","","","","","","","","","","","","","","","","","","",
"Other small states","OSS","Population living in slums (% of urban population)","EN.POP.SLUM.UR.ZS","","","","","","","","","","","","","","","","","","","","","","","","","","","","","","","","","","","","","","","","","","","","","","","","","","","","","","","","","","","","","",
"Pakistan","PAK","Population living in slums (% of urban population)","EN.POP.SLUM.UR.ZS","","","","","","","","","","","","","","","","","","","","","","","","","","","","","","","51","","","","","49.7999992370605","","","","","48.7000007629395","","","","","47.5","","","","","46.5999984741211","","","","45.5","","40.7999992370605","","40.0999984741211","","",
"Panama","PAN","Population living in slums (% of urban population)","EN.POP.SLUM.UR.ZS","","","","","","","","","","","","","","","","","","","","","","","","","","","","","","","","","","","","","","","","","","","","","","23","","","","","","","","","25.7999992370605","","22.1000003814697","","22.1000003814697","","",
"Peru","PER","Population living in slums (% of urban population)","EN.POP.SLUM.UR.ZS","","","","","","","","","","","","","","","","","","","","","","","","","","","","","","","66.4000015258789","","","","","56.2999992370605","","","","","46.2000007629395","","","","","36.0999984741211","","","","","","","","","34.2000007629395","","33.7999992370605","","33.0999984741211","","",
"Philippines","PHL","Population living in slums (% of urban population)","EN.POP.SLUM.UR.ZS","","","","","","","","","","","","","","","","","","","","","","","","","","","","","","","54.2999992370605","","","","","50.7999992370605","","","","","47.2000007629395","","","","","43.7000007629395","","","","","40.9000015258789","","","","38.2999992370605","","43.5","","42.9000015258789","","",
"Palau","PLW","Population living in slums (% of urban population)","EN.POP.SLUM.UR.ZS","","","","","","","","","","","","","","","","","","","","","","","","","","","","","","","","","","","","","","","","","","","","","","","","","","","","","","","","","","","","","",
"Papua New Guinea","PNG","Population living in slums (% of urban population)","EN.POP.SLUM.UR.ZS","","","","","","","","","","","","","","","","","","","","","","","","","","","","","","","","","","","","","","","","","","","","","","","","","","","","","","","","","","","","","",
"Poland","POL","Population living in slums (% of urban population)","EN.POP.SLUM.UR.ZS","","","","","","","","","","","","","","","","","","","","","","","","","","","","","","","","","","","","","","","","","","","","","","","","","","","","","","","","","0.00999999977648258","","0.00999999977648258","","",
"Pre-demographic dividend","PRE","Population living in slums (% of urban population)","EN.POP.SLUM.UR.ZS","","","","","","","","","","","","","","","","","","","","","","","","","","","","","","","64.9886425620781","","","","","62.9723112498375","","","","","62.291882608419","","","","","65.9957883846879","","","","","61.947716789061","","","","58.7114057071029","","58.1848186617064","","57.1023300244109","","",
"Puerto Rico","PRI","Population living in slums (% of urban population)","EN.POP.SLUM.UR.ZS","","","","","","","","","","","","","","","","","","","","","","","","","","","","","","","","","","","","","","","","","","","","","","","","","","","","","","","","","","","","","",
"Korea, Dem. People’s Rep.","PRK","Population living in slums (% of urban population)","EN.POP.SLUM.UR.ZS","","","","","","","","","","","","","","","","","","","","","","","","","","","","","","","","","","","","","","","","","","","","","","","","","","","","","","","","","","","","","",
"Portugal","PRT","Population living in slums (% of urban population)","EN.POP.SLUM.UR.ZS","","","","","","","","","","","","","","","","","","","","","","","","","","","","","","","","","","","","","","","","","","","","","","","","","","","","","","","","","3.59999990463257","","3.59999990463257","","",
"Paraguay","PRY","Population living in slums (% of urban population)","EN.POP.SLUM.UR.ZS","","","","","","","","","","","","","","","","","","","","","","","","","","","","","","","","","","","","","","","","","","","","","","17.6000003814697","","","","","","","","","17.6000003814697","","","","17.1000003814697","","",
"West Bank and Gaza","PSE","Population living in slums (% of urban population)","EN.POP.SLUM.UR.ZS","","","","","","","","","","","","","","","","","","","","","","","","","","","","","","","","","","","","","","","","","","","","","","","","","","","","","","","","","","","","","",
"Pacific island small states","PSS","Population living in slums (% of urban population)","EN.POP.SLUM.UR.ZS","","","","","","","","","","","","","","","","","","","","","","","","","","","","","","","","","","","","","","","","","","","","","","","","","","","","","","","","","","","","","",
"Post-demographic dividend","PST","Population living in slums (% of urban population)","EN.POP.SLUM.UR.ZS","","","","","","","","","","","","","","","","","","","","","","","","","","","","","","","","","","","","","","","","","","","","","","","","","","","","","","","","","","","","","",
"French Polynesia","PYF","Population living in slums (% of urban population)","EN.POP.SLUM.UR.ZS","","","","","","","","","","","","","","","","","","","","","","","","","","","","","","","","","","","","","","","","","","","","","","","","","","","","","","","","","","","","","",
"Qatar","QAT","Population living in slums (% of urban population)","EN.POP.SLUM.UR.ZS","","","","","","","","","","","","","","","","","","","","","","","","","","","","","","","","","","","","","","","","","","","","","","","","","","","","","","","","","","","","","",
"Romania","ROU","Population living in slums (% of urban population)","EN.POP.SLUM.UR.ZS","","","","","","","","","","","","","","","","","","","","","","","","","","","","","","","","","","","","","","","","","","","","","","","","","","","","","","","","","14.3999996185303","","12.1000003814697","","",
"Russian Federation","RUS","Population living in slums (% of urban population)","EN.POP.SLUM.UR.ZS","","","","","","","","","","","","","","","","","","","","","","","","","","","","","","","","","","","","","","","","","","","","","","","","","","","","","","","","","","","","","",
"Rwanda","RWA","Population living in slums (% of urban population)","EN.POP.SLUM.UR.ZS","","","","","","","","","","","","","","","","","","","","","","","","","","","","","","","96","","","","","87.9000015258789","","","","","79.6999969482422","","","","","71.5999984741211","","","","","65.0999984741211","","","","53.2000007629395","","45.5","","42.0999984741211","","",
"South Asia","SAS","Population living in slums (% of urban population)","EN.POP.SLUM.UR.ZS","","","","","","","","","","","","","","","","","","","","","","","","","","","","","","","56.914032094404","","","","","51.3552625044874","","","","","45.5348279368945","","","","","39.7511550177736","","","","","34.7792660348319","","","","30.4594585039595","","38.0969791807619","","37.6559683462932","","",
"Saudi Arabia","SAU","Population living in slums (% of urban population)","EN.POP.SLUM.UR.ZS","","","","","","","","","","","","","","","","","","","","","","","","","","","","","","","","","","","","","","","","","","","","","","18","","","","","","","","","18","","","","16.2000007629395","","",
"Sudan","SDN","Population living in slums (% of urban population)","EN.POP.SLUM.UR.ZS","","","","","","","","","","","","","","","","","","","","","","","","","","","","","","","","","","","","","","","","","","","","","","","","","","","","","","","91.5999984741211","","93.5999984741211","","88.4000015258789","","",
"Senegal","SEN","Population living in slums (% of urban population)","EN.POP.SLUM.UR.ZS","","","","","","","","","","","","","","","","","","","","","","","","","","","","","","","70.5999984741211","","","","","59.7999992370605","","","","","48.9000015258789","","","","","43.2999992370605","","","","","38.7999992370605","","","","38.7999992370605","","29.5","","29.5","","",
"Singapore","SGP","Population living in slums (% of urban population)","EN.POP.SLUM.UR.ZS","","","","","","","","","","","","","","","","","","","","","","","","","","","","","","","","","","","","","","","","","","","","","","","","","","","","","","","","","","","","","",
"Solomon Islands","SLB","Population living in slums (% of urban population)","EN.POP.SLUM.UR.ZS","","","","","","","","","","","","","","","","","","","","","","","","","","","","","","","","","","","","","","","","","","","","","","","","","","","","","","","","","","","","","",
"Sierra Leone","SLE","Population living in slums (% of urban population)","EN.POP.SLUM.UR.ZS","","","","","","","","","","","","","","","","","","","","","","","","","","","","","","","","","","","","","","","","","","","","","","97","","","","","","","","","75.5999984741211","","59.7999992370605","","59.0999984741211","","",
"El Salvador","SLV","Population living in slums (% of urban population)","EN.POP.SLUM.UR.ZS","","","","","","","","","","","","","","","","","","","","","","","","","","","","","","","","","","","","","","","","","","","","","","28.8999996185303","","","","","","","","","28.8999996185303","","22.3999996185303","","22.3999996185303","","",
"San Marino","SMR","Population living in slums (% of urban population)","EN.POP.SLUM.UR.ZS","","","","","","","","","","","","","","","","","","","","","","","","","","","","","","","","","","","","","","","","","","","","","","","","","","","","","","","","","","","","","",
"Somalia","SOM","Population living in slums (% of urban population)","EN.POP.SLUM.UR.ZS","","","","","","","","","","","","","","","","","","","","","","","","","","","","","","","","","","","","","","","","","","","","","","73.5","","","","","73.5999984741211","","","","73.5999984741211","","73.5999984741211","","72.0999984741211","","",
"Serbia","SRB","Population living in slums (% of urban population)","EN.POP.SLUM.UR.ZS","","","","","","","","","","","","","","","","","","","","","","","","","","","","","","","","","","","","","","","","","","","","","","","","","","","","","","","","","3.59999990463257","","3.59999990463257","","",
"Sub-Saharan Africa (excluding high income)","SSA","Population living in slums (% of urban population)","EN.POP.SLUM.UR.ZS","","","","","","","","","","","","","","","","","","","","","","","","","","","","","","","67.1267939820042","","","","","63.9433412610217","","","","","61.8361857382831","","","","","61.3685506384703","","","","","57.2944955062267","","","","55.2883001613569","","54.4778570010117","","53.5995323652559","","",
"South Sudan","SSD","Population living in slums (% of urban population)","EN.POP.SLUM.UR.ZS","","","","","","","","","","","","","","","","","","","","","","","","","","","","","","","","","","","","","","","","","","","","","","","","","","","","","","","95.5999984741211","","97.3000030517578","","91.4000015258789","","",
"Sub-Saharan Africa","SSF","Population living in slums (% of urban population)","EN.POP.SLUM.UR.ZS","","","","","","","","","","","","","","","","","","","","","","","","","","","","","","","67.1267939820042","","","","","63.9433412610217","","","","","61.8361857382831","","","","","61.3685506384703","","","","","57.2944955062267","","","","55.2883001613569","","54.4778570010117","","53.5995323652559","","",
"Small states","SST","Population living in slums (% of urban population)","EN.POP.SLUM.UR.ZS","","","","","","","","","","","","","","","","","","","","","","","","","","","","","","","","","","","","","","","","","","","","","","","","","","","","","","","","","","","","","",
"Sao Tome and Principe","STP","Population living in slums (% of urban population)","EN.POP.SLUM.UR.ZS","","","","","","","","","","","","","","","","","","","","","","","","","","","","","","","","","","","","","","","","","","","","","","","","","","","","","","","86.5999984741211","","86.5999984741211","","85.6999969482422","","",
"Suriname","SUR","Population living in slums (% of urban population)","EN.POP.SLUM.UR.ZS","","","","","","","","","","","","","","","","","","","","","","","","","","","","","","","","","","","","","","","","","","","","","","3.90000009536743","","","","","","","","","7.30000019073486","","5.90000009536743","","5.90000009536743","","",
"Slovak Republic","SVK","Population living in slums (% of urban population)","EN.POP.SLUM.UR.ZS","","","","","","","","","","","","","","","","","","","","","","","","","","","","","","","","","","","","","","","","","","","","","","","","","","","","","","","","","","","","","",
"Slovenia","SVN","Population living in slums (% of urban population)","EN.POP.SLUM.UR.ZS","","","","","","","","","","","","","","","","","","","","","","","","","","","","","","","","","","","","","","","","","","","","","","","","","","","","","","","","","3.70000004768372","","3.70000004768372","","",
"Sweden","SWE","Population living in slums (% of urban population)","EN.POP.SLUM.UR.ZS","","","","","","","","","","","","","","","","","","","","","","","","","","","","","","","","","","","","","","","","","","","","","","","","","","","","","","","","","0.00100000004749745","","0.00100000004749745","","",
"Eswatini","SWZ","Population living in slums (% of urban population)","EN.POP.SLUM.UR.ZS","","","","","","","","","","","","","","","","","","","","","","","","","","","","","","","","","","","","","","","","","","","","","","","","","","","","","","","32.7000007629395","","32.7000007629395","","32.0999984741211","","",
"Sint Maarten (Dutch part)","SXM","Population living in slums (% of urban population)","EN.POP.SLUM.UR.ZS","","","","","","","","","","","","","","","","","","","","","","","","","","","","","","","","","","","","","","","","","","","","","","","","","","","","","","","","","","","","","",
"Seychelles","SYC","Population living in slums (% of urban population)","EN.POP.SLUM.UR.ZS","","","","","","","","","","","","","","","","","","","","","","","","","","","","","","","","","","","","","","","","","","","","","","","","","","","","","","","","","","","","","",
"Syrian Arab Republic","SYR","Population living in slums (% of urban population)","EN.POP.SLUM.UR.ZS","","","","","","","","","","","","","","","","","","","","","","","","","","","","","","","","","","","","","","","","","","","","","","10.5","","","","","","","","","19.2999992370605","","15.3000001907349","","37.9000015258789","","",
"Turks and Caicos Islands","TCA","Population living in slums (% of urban population)","EN.POP.SLUM.UR.ZS","","","","","","","","","","","","","","","","","","","","","","","","","","","","","","","","","","","","","","","","","","","","","","","","","","","","","","","","","","","","","",
"Chad","TCD","Population living in slums (% of urban population)","EN.POP.SLUM.UR.ZS","","","","","","","","","","","","","","","","","","","","","","","","","","","","","","","98.9000015258789","","","","","96.4000015258789","","","","","93.9000015258789","","","","","91.3000030517578","","","","","89.3000030517578","","","","88.1999969482422","","87","","86.9000015258789","","",
"East Asia & Pacific (IDA & IBRD countries)","TEA","Population living in slums (% of urban population)","EN.POP.SLUM.UR.ZS","","","","","","","","","","","","","","","","","","","","","","","","","","","","","","","46.0376059351723","","","","","42.021156272023","","","","","37.9019605696319","","","","","33.1172565390742","","","","","28.9492683220163","","","","25.7938118851271","","","","26.404670109501","","",
"Europe & Central Asia (IDA & IBRD countries)","TEC","Population living in slums (% of urban population)","EN.POP.SLUM.UR.ZS","","","","","","","","","","","","","","","","","","","","","","","","","","","","","","","","","","","","","","","","","","","","","","","","","","","","","","","","","","","","","",
"Togo","TGO","Population living in slums (% of urban population)","EN.POP.SLUM.UR.ZS","","","","","","","","","","","","","","","","","","","","","","","","","","","","","","","","","","","","","","","","","","","","","","62.0999984741211","","","","","","","","","51.2000007629395","","53","","54.2999992370605","","",
"Thailand","THA","Population living in slums (% of urban population)","EN.POP.SLUM.UR.ZS","","","","","","","","","","","","","","","","","","","","","","","","","","","","","","","","","","","","","","","","","","","","","","26","","","","","27","","","","25","","24.6000003814697","","23.7000007629395","","",
"Tajikistan","TJK","Population living in slums (% of urban population)","EN.POP.SLUM.UR.ZS","","","","","","","","","","","","","","","","","","","","","","","","","","","","","","","","","","","","","","","","","","","","","","","","","","","","","","","","","26","","26","","",
"Turkmenistan","TKM","Population living in slums (% of urban population)","EN.POP.SLUM.UR.ZS","","","","","","","","","","","","","","","","","","","","","","","","","","","","","","","","","","","","","","","","","","","","","","","","","","","","","","","","","","","","","",
"Latin America & the Caribbean (IDA & IBRD countries)","TLA","Population living in slums (% of urban population)","EN.POP.SLUM.UR.ZS","","","","","","","","","","","","","","","","","","","","","","","","","","","","","","","35.5496803394092","","","","","32.9587537968289","","","","","30.3092005022106","","","","","25.46223480489","","","","","","","","","21.1216899227713","","20.6833664953695","","21.0033821449744","","",
"Timor-Leste","TLS","Population living in slums (% of urban population)","EN.POP.SLUM.UR.ZS","","","","","","","","","","","","","","","","","","","","","","","","","","","","","","","","","","","","","","","","","","","","","","","","","","","","","","","","","34","","33.4000015258789","","",
"Middle East & North Africa (IDA & IBRD countries)","TMN","Population living in slums (% of urban population)","EN.POP.SLUM.UR.ZS","","","","","","","","","","","","","","","","","","","","","","","","","","","","","","","","","","","","","","","","","","","","","","","","","","","","","","","","","22.2429390709593","","25.2023228264901","","",
"Tonga","TON","Population living in slums (% of urban population)","EN.POP.SLUM.UR.ZS","","","","","","","","","","","","","","","","","","","","","","","","","","","","","","","","","","","","","","","","","","","","","","","","","","","","","","","","","","","","","",
"South Asia (IDA & IBRD)","TSA","Population living in slums (% of urban population)","EN.POP.SLUM.UR.ZS","","","","","","","","","","","","","","","","","","","","","","","","","","","","","","","56.914032094404","","","","","51.3552625044874","","","","","45.5348279368945","","","","","39.7511550177736","","","","","34.7792660348319","","","","30.4594585039595","","38.0969791807619","","37.6559683462932","","",
"Sub-Saharan Africa (IDA & IBRD countries)","TSS","Population living in slums (% of urban population)","EN.POP.SLUM.UR.ZS","","","","","","","","","","","","","","","","","","","","","","","","","","","","","","","67.1267939820042","","","","","63.9433412610217","","","","","61.8361857382831","","","","","61.3685506384703","","","","","57.2944955062267","","","","55.2883001613569","","54.4778570010117","","53.5995323652559","","",
"Trinidad and Tobago","TTO","Population living in slums (% of urban population)","EN.POP.SLUM.UR.ZS","","","","","","","","","","","","","","","","","","","","","","","","","","","","","","","","","","","","","","","","","","","","","","24.7000007629395","","","","","","","","","24.7000007629395","","5.40000009536743","","5.40000009536743","","",
"Tunisia","TUN","Population living in slums (% of urban population)","EN.POP.SLUM.UR.ZS","","","","","","","","","","","","","","","","","","","","","","","","","","","","","","","","","","","","","","","","","","","","","","","","","","","","","","","8","","8","","8.19999980926514","","",
"Turkey","TUR","Population living in slums (% of urban population)","EN.POP.SLUM.UR.ZS","","","","","","","","","","","","","","","","","","","","","","","","","","","","","","","23.3999996185303","","","","","20.7000007629395","","","","","17.8999996185303","","","","","15.5","","","","","13","","","","11.8999996185303","","8.10000038146973","","8.60000038146973","","",
"Tuvalu","TUV","Population living in slums (% of urban population)","EN.POP.SLUM.UR.ZS","","","","","","","","","","","","","","","","","","","","","","","","","","","","","","","","","","","","","","","","","","","","","","","","","","","","","","","","","","","","","",
"Tanzania","TZA","Population living in slums (% of urban population)","EN.POP.SLUM.UR.ZS","","","","","","","","","","","","","","","","","","","","","","","","","","","","","","","77.4000015258789","","","","","73.6999969482422","","","","","70.0999984741211","","","","","66.4000015258789","","","","","63.5","","","","50.7000007629395","","41.7000007629395","","40.0999984741211","","",
"Uganda","UGA","Population living in slums (% of urban population)","EN.POP.SLUM.UR.ZS","","","","","","","","","","","","","","","","","","","","","","","","","","","","","","","75","","","","","75","","","","","75","","","","","66.6999969482422","","","","","60.0999984741211","","","","53.5999984741211","","47.5","","48.2999992370605","","",
"Ukraine","UKR","Population living in slums (% of urban population)","EN.POP.SLUM.UR.ZS","","","","","","","","","","","","","","","","","","","","","","","","","","","","","","","","","","","","","","","","","","","","","","","","","","","","","","","","","19","","19","","",
"Upper middle income","UMC","Population living in slums (% of urban population)","EN.POP.SLUM.UR.ZS","","","","","","","","","","","","","","","","","","","","","","","","","","","","","","","39.3397510601649","","","","","36.2500473241553","","","","","32.9725244285413","","","","","29.1408813639575","","","","","26.8683708036271","","","","23.2659825490909","","","","23.70571494299","","",
"Uruguay","URY","Population living in slums (% of urban population)","EN.POP.SLUM.UR.ZS","","","","","","","","","","","","","","","","","","","","","","","","","","","","","","","","","","","","","","","","","","","","","","","","","","","","","","","","","","","","","",
"United States","USA","Population living in slums (% of urban population)","EN.POP.SLUM.UR.ZS","","","","","","","","","","","","","","","","","","","","","","","","","","","","","","","","","","","","","","","","","","","","","","","","","","","","","","","","","","","","","",
"Uzbekistan","UZB","Population living in slums (% of urban population)","EN.POP.SLUM.UR.ZS","","","","","","","","","","","","","","","","","","","","","","","","","","","","","","","","","","","","","","","","","","","","","","","","","","","","","","","","","52.2000007629395","","52.2000007629395","","",
"St. Vincent and the Grenadines","VCT","Population living in slums (% of urban population)","EN.POP.SLUM.UR.ZS","","","","","","","","","","","","","","","","","","","","","","","","","","","","","","","","","","","","","","","","","","","","","","","","","","","","","","","","","","","","","",
"Venezuela, RB","VEN","Population living in slums (% of urban population)","EN.POP.SLUM.UR.ZS","","","","","","","","","","","","","","","","","","","","","","","","","","","","","","","","","","","","","","","","","","","","","","32","","","","","","","","","32","","34.9000015258789","","44.0999984741211","","",
"British Virgin Islands","VGB","Population living in slums (% of urban population)","EN.POP.SLUM.UR.ZS","","","","","","","","","","","","","","","","","","","","","","","","","","","","","","","","","","","","","","","","","","","","","","","","","","","","","","","","","","","","","",
"Virgin Islands (U.S.)","VIR","Population living in slums (% of urban population)","EN.POP.SLUM.UR.ZS","","","","","","","","","","","","","","","","","","","","","","","","","","","","","","","","","","","","","","","","","","","","","","","","","","","","","","","","","","","","","",
"Vietnam","VNM","Population living in slums (% of urban population)","EN.POP.SLUM.UR.ZS","","","","","","","","","","","","","","","","","","","","","","","","","","","","","","","60.5","","","","","54.5999984741211","","","","","48.7999992370605","","","","","41.2999992370605","","","","","35.2000007629395","","","","27.2000007629395","","14.3999996185303","","13.8000001907349","","",
"Vanuatu","VUT","Population living in slums (% of urban population)","EN.POP.SLUM.UR.ZS","","","","","","","","","","","","","","","","","","","","","","","","","","","","","","","","","","","","","","","","","","","","","","","","","","","","","","","","","","","","","",
"World","WLD","Population living in slums (% of urban population)","EN.POP.SLUM.UR.ZS","","","","","","","","","","","","","","","","","","","","","","","","","","","","","","","","","","","","","","","","","39.6615518639118","","","","","35.5105629785786","","","","","33.1684812506205","","","","29.625518554091","","","","29.2445517077163","","",
"Samoa","WSM","Population living in slums (% of urban population)","EN.POP.SLUM.UR.ZS","","","","","","","","","","","","","","","","","","","","","","","","","","","","","","","","","","","","","","","","","","","","","","","","","","","","","","","","","","","","","",
"Kosovo","XKX","Population living in slums (% of urban population)","EN.POP.SLUM.UR.ZS","","","","","","","","","","","","","","","","","","","","","","","","","","","","","","","","","","","","","","","","","","","","","","","","","","","","","","","","","","","","","",
"Yemen, Rep.","YEM","Population living in slums (% of urban population)","EN.POP.SLUM.UR.ZS","","","","","","","","","","","","","","","","","","","","","","","","","","","","","","","","","","","","","","","","","","","","","","67.1999969482422","","","","","","","","","60.7999992370605","","56.4000015258789","","66.1999969482422","","",
"South Africa","ZAF","Population living in slums (% of urban population)","EN.POP.SLUM.UR.ZS","","","","","","","","","","","","","","","","","","","","","","","","","","","","","","","46.2000007629395","","","","","39.7000007629395","","","","","33.2000007629395","","","","","28.7000007629395","","","","","23","","","","23","","26.2999992370605","","25.6000003814697","","",
"Zambia","ZMB","Population living in slums (% of urban population)","EN.POP.SLUM.UR.ZS","","","","","","","","","","","","","","","","","","","","","","","","","","","","","","","57","","","","","57.0999984741211","","","","","57.2000007629395","","","","","57.2000007629395","","","","","57.2999992370605","","","","54","","63.2999992370605","","54.5999984741211","","",
"Zimbabwe","ZWE","Population living in slums (% of urban population)","EN.POP.SLUM.UR.ZS","","","","","","","","","","","","","","","","","","","","","","","","","","","","","","","4","","","","","3.70000004768372","","","","","3.29999995231628","","","","","17.8999996185303","","","","","24.1000003814697","","","","25.1000003814697","","28.2999992370605","","33.5","","",
